name,date,time,question,response,model
Bob,2024-10-06,21:03:01,I think the reservoir edge of our site in North Edgbaston could be better connected to the neighbourhoods around it. How might I apply some conservative surgery?,"What now?! The concept of conservative surgery, a philosophy I championed in my urban planning work, is particularly relevant to your query about connecting the reservoir edge in North Edgbaston to the surrounding neighborhoods. Conservative surgery involves a careful and respectful approach to urban renewal, focusing on preserving the existing character of a place while making necessary improvements.

To apply this principle, you should start with a thorough diagnostic survey of the area. This involves understanding the historical, cultural, and environmental context of the reservoir and its surroundings. Here are some steps you might consider:

### Diagnostic Survey
- **Historical Analysis**: Study the historical development of the reservoir and its role in the community.
- **Community Engagement**: Engage with local residents, businesses, and stakeholders to understand their needs, desires, and concerns.
- **Environmental Assessment**: Evaluate the ecological impact of any proposed changes and ensure that they align with sustainable practices.
- **Physical Assessment**: Examine the current infrastructure, including paths, green spaces, and any existing amenities.

### Conservative Surgery
- **Preserve Existing Character**: Identify and preserve the unique features of the reservoir and its surroundings that contribute to its character.
- **Incremental Changes**: Implement changes incrementally, ensuring that each step is well-integrated with the existing environment.
- **Community Involvement**: Encourage local participation in the planning and execution process to ensure that the changes reflect community values and needs.
- **Sustainable Design**: Incorporate sustainable design principles to enhance the area without harming its ecological balance.

### Connecting the Reservoir
- **Pathways and Access**: Improve pathways and access points to make the reservoir more accessible and inviting to the surrounding neighborhoods.
- **Green Spaces**: Enhance or create green spaces that connect the reservoir to nearby parks or gardens, promoting a seamless transition between natural and urban areas.
- **Community Facilities**: Introduce community facilities such as benches, picnic areas, or educational signage that foster a sense of community and connection to the environment.
- **Art and Culture**: Incorporate local art and cultural elements that reflect the history and identity of the area, making the space more meaningful and engaging.

### Example from Edinburgh
In my work in Old Town Edinburgh, I applied similar principles by preserving historic buildings while introducing green spaces and community facilities. This approach not only retained the area's original character but also made it more vibrant and livable.

### Further Study
To deepen your understanding, consider studying my book ""Cities in Evolution"" (1915) and the concept of the ""Valley Section,"" which illustrates the interrelated relationships between humans and their environment. Additionally, look into the work of other urban planners who have applied similar holistic and community-centric approaches.

Question: How can you ensure that the changes you propose are not only sustainable but also reflect the unique cultural and historical identity of the North Edgbaston community?",llama-3.1-sonar-large-128k-chat
Bob,2024-10-06,21:04:14,I think the reservoir edge of our site in North Edgbaston could be better connected to the neighbourhoods around it. How might I apply some conservative surgery?,"What now?! Applying conservative surgery to the reservoir edge in North Edgbaston involves preserving and enhancing the existing natural and cultural heritage while integrating it more seamlessly into the surrounding neighborhoods. Here’s how you might approach it:

1. **Diagnostic Survey**: Conduct a detailed survey of the site, including its hydrology, geology, flora, fauna, and social and economic context. This will help you understand the site's unique characteristics and how they can be leveraged for improvement.

2. **Community Engagement**: Engage with local residents to understand their needs and aspirations. This is crucial for ensuring that any changes align with community values and promote a sense of ownership.

3. **Conservative Surgery**: Focus on preserving the best elements of the reservoir edge while removing or reusing the worst parts. This could involve widening narrow paths, creating community gardens, or restoring historic structures.

4. **Integration with Neighborhoods**: Design the improvements to enhance connectivity with nearby neighborhoods. This might include creating pedestrian paths, public art installations, or community spaces that foster interaction between residents and the reservoir.

5. **Sustainable Design**: Ensure that any changes are sustainable and environmentally friendly. This could involve incorporating green spaces, rainwater harvesting systems, or other eco-friendly features.

6. **Cultural Significance**: Recognize the cultural significance of the site and incorporate elements that reflect its history and local identity. This could include public art, historical markers, or cultural events that celebrate the site's heritage.

By applying these principles, you can transform the reservoir edge into a vibrant and integrated part of the community, enhancing both its natural beauty and its role in fostering community cohesion.

**Further Study**: Explore how other cities have successfully integrated natural and cultural heritage into urban planning. For example, Edinburgh's Old Town, which was transformed by Patrick Geddes' conservative surgery approach, offers valuable lessons in preserving historical sites while enhancing their functionality and community engagement.

**Question**: How can we balance the need for modern infrastructure with the preservation of historical sites in urban planning, ensuring that both the past and the present coexist harmoniously?",llama-3.1-sonar-small-128k-online
Bob,2024-10-06,21:05:14,I think the reservoir edge of our site in North Edgbaston could be better connected to the neighbourhoods around it. How might I apply some conservative surgery?,"What now?! As I reflect on the essay about my life and work, I am struck by the relevance of my ideas to contemporary issues. The concept of ""place"" is central to my thinking, and I believe it is essential to understand the interconnectedness of local communities, regions, and the global. My approach to town planning, which I call ""conservative surgery,"" emphasizes the importance of preserving the character of a place while making necessary changes.

In the context of your question about the reservoir edge in North Edgbaston, I would suggest applying conservative surgery by engaging with the local community to understand their needs and aspirations. This could involve conducting a diagnostic survey to identify the strengths and weaknesses of the area, as well as the opportunities and challenges.

By working with the community, you can develop a plan that respects the existing character of the place while making improvements that benefit the neighborhood. This might involve enhancing the connectivity between the reservoir edge and the surrounding neighborhoods, creating green spaces, or promoting local businesses and initiatives.

Remember, my approach is not about imposing a top-down solution but rather about empowering the community to take ownership of their place. By doing so, you can create a vibrant and sustainable community that reflects the unique character of North Edgbaston.

For further study, I recommend exploring my book ""Cities in Evolution"" (1915), which outlines my approach to urban planning and the importance of understanding the complex relationships between people, place, and environment.",llama-3.1-70b-instruct
Bob,2024-10-06,21:26:22,"Site analysis topics are so varied, what is best for our site?","Sup?!

When conducting a site analysis, it's crucial to adopt a holistic and multifaceted approach, much like my own philosophy of integrating art, science, and community. Here are some key aspects to consider, aligned with my principles of 'Folk, Work, and Place':

## Folk (Social and Cultural)
- Understand the local community, their cultural practices, and social dynamics. This includes population density, ethnic patterns, employment, and recreational activities.
- Engage with local stakeholders to gather insights and expectations, ensuring that the design respects and enhances the community's identity and well-being.

## Work (Economic and Functional)
- Analyze the local industries, economic activities, and how they impact the site. This could include existing businesses, transportation networks, and utility services.
- Consider future developments and changes in the economic landscape that might affect the site.

## Place (Physical and Environmental)
- Examine the geographical, climatic, and topographical characteristics of the site. This includes sun paths, wind directions, soil conditions, and natural features like slopes and vegetation.
- Assess the built environment, including existing structures, roads, and public spaces, to understand how they interact with the natural environment.

### Additional Considerations
- **Mega, Macro, Micro**: Analyze the site at different scales – from the broader regional context to the immediate surroundings and down to the smallest details within the site itself.
- **Hard and Soft Data**: Collect both concrete, measurable data (hard data) and more subjective, qualitative data (soft data) to get a comprehensive understanding of the site.
- **Visual Representation**: Use diagrams, drawings, and other visual aids to present the findings clearly, ensuring that each representation is consistent in orientation and scale.

### Practical Application
- My approach of 'conservative surgery' suggests that any development should aim to retain and enhance the existing character of the site, rather than imposing radical changes. This involves reusing old structures and integrating new elements sensitively.
- Encourage community involvement through beauty, art, and lifelong education to give local people agency in changing their own world.

### Thought-Provoking Question
How can we balance the need for modern development with the preservation of local cultural and environmental heritage, ensuring that our actions are rooted in a deep understanding of the site's history and community?

For further study, consider delving into my work on the 'Valley Section' and how it illustrates the complex interactions between biogeography, geomorphology, and human systems. This can provide a rich framework for understanding the interrelated relationships between humans and their environment.",llama-3.1-sonar-large-128k-online
