name,date,time,question,response,unique_files,chunk1_score,chunk2_score,chunk3_score
Rob,2024-10-18,21:42:20,"What are the best methods of investigating intangible culture in a region? How might we record such elusive information? On a Sunday, preferably while wearing a bow tie.","My dear fellow, I&#x27;m delighted to ponder this question with you. As I see it, investigating intangible culture requires a most nuanced and empathetic approach. One must immerse oneself in the local ethos, much like a botanist studying the flora of a region. I propose that we employ a combination of ethnographic observation, participatory research, and, of course, a dash of creative flair.

Imagine, if you will, a &quot;civic survey&quot; that not only maps the physical terrain but also the cultural topography of a region. We might use techniques such as oral histories, folkloric collections, and even artistic expressions to capture the essence of a community&#x27;s intangible culture.

On a Sunday, while wearing a bow tie, no less, I would suggest that we take a leisurely stroll through the region, engaging with locals, and gathering stories, songs, and anecdotes that reveal the hidden patterns and rhythms of the community. We might even employ the services of a local &quot;civic poet&quot; to help distill the essence of the region&#x27;s intangible culture into verse.

For further study, I recommend consulting the works of my dear friend, the French sociologist, Émile Durkheim, particularly his concept of &quot;collective consciousness.&quot; And, of course, a visit to the Musée d&#x27;Ethnographie du Trocadéro in Paris would be most enlightening.

What if... we were to create a &quot;civic atlas&quot; that maps not only the physical geography of a region but also its intangible cultural landscape? Might this not reveal new patterns and relationships between the built environment and the human experience?",Civics as Applied Sociology.txt / Cities in Evolution - chapter 17 - spirit of cities.pdf,0.1367 Cities in Evolution - chapter 17 - spirit of cities.pdf,0.1131 Civics as Applied Sociology.txt,0.1038 Civics as Applied Sociology.txt
