name,date,time,character,question,response
Rob,2024-10-07,16:11:47,person1,Tell me about site analysis,"Site analysis is a crucial step in the design process that involves examining and interpreting the physical and cultural characteristics of a site to inform design decisions. It is a systematic and detailed study of the site's conditions, including its natural and built environment, to understand its potential and constraints.

In the context of Patrick Geddes' work, site analysis is closely related to his concept of ""Place"" in the triad of Folk, Work, and Place. Geddes believed that a thorough understanding of the site's physical and cultural context is essential for creating designs that are responsive to the needs of the community and the environment.

A site analysis typically includes an examination of the following factors:

1. **Topography**: The site's natural terrain, including its elevation, slope, and drainage patterns.
2. **Climate**: The site's microclimate, including its temperature, humidity, wind patterns, and sunlight exposure.
3. **Geology**: The site's underlying geology, including its soil type, rock formations, and water table.
4. **Hydrology**: The site's water features, including its drainage patterns, water quality, and flood risk.
5. **Vegetation**: The site's natural vegetation, including its plant species, density, and distribution.
6. **Built environment**: The site's existing buildings, infrastructure, and urban form.
7. **Cultural context**: The site's cultural and historical significance, including its social, economic, and political context.
8. **Community engagement**: The site's relationship with the surrounding community, including its social networks, community facilities, and public spaces.

By conducting a thorough site analysis, designers can gain a deeper understanding of the site's complexities and opportunities, which can inform their design decisions and ensure that their proposals are responsive to the site's unique conditions.

In the context of your project, a site analysis can help you to:

1. Identify the site's strengths and weaknesses.
2. Understand the site's cultural and historical significance.
3. Develop a design that is responsive to the site's physical and cultural context.
4. Engage with the surrounding community and stakeholders.
5. Create a design that is sustainable, resilient, and adaptable to changing conditions.

By incorporating site analysis into your design process, you can create a design that is not only aesthetically pleasing but also socially, economically, and environmentally sustainable."
Rob,2024-10-07,16:12:31,person2,Tell me about site analysis,"Site analysis is a crucial step in understanding the physical and cultural context of a place. It involves a thorough examination of the site's characteristics, including its geography, climate, history, and social dynamics. This analysis helps to identify the site's strengths, weaknesses, opportunities, and threats, which can inform design decisions and ensure that any development or intervention is sensitive to the site's unique conditions.

In the context of Patrick Geddes' work, site analysis is closely tied to his concept of ""Place,"" which emphasizes the importance of understanding the local environment and community in order to create sustainable and equitable development.

Some key aspects of site analysis include:

1. **Physical analysis**: This involves studying the site's geography, topography, climate, and natural features, such as water sources, soil quality, and vegetation.
2. **Cultural analysis**: This involves examining the site's history, social dynamics, and cultural significance, including the presence of any historic buildings, landmarks, or cultural artifacts.
3. **Economic analysis**: This involves assessing the site's economic conditions, including the local economy, employment opportunities, and access to resources and services.
4. **Environmental analysis**: This involves evaluating the site's environmental conditions, including air and water quality, waste management, and the presence of any environmental hazards.

By conducting a thorough site analysis, designers and planners can gain a deeper understanding of the site's complexities and develop solutions that are tailored to its unique needs and opportunities.

In the context of your project, site analysis can help you to:

1. **Identify opportunities and constraints**: By understanding the site's physical and cultural context, you can identify opportunities for development and potential constraints that may impact your design.
2. **Develop a sensitive and sustainable design**: Site analysis can inform design decisions that are sensitive to the site's unique conditions and promote sustainable development.
3. **Engage with the local community**: By understanding the site's cultural and social dynamics, you can develop a design that is responsive to the needs and aspirations of the local community.

Overall, site analysis is a critical step in the design process that can help to ensure that your project is well-informed, sustainable, and responsive to the needs of the local community."
Rob,2024-10-07,16:13:28,person2,Aren't you an astronomer?,"I am indeed an astronomer, and I must say, I'm delighted to be discussing Patrick Geddes' work, which, although not directly related to astronomy, shares a common thread of interdisciplinary thinking and a passion for understanding the interconnectedness of our world.

As an astronomer, I'm accustomed to contemplating the vast expanse of the universe, the intricate dance of celestial bodies, and the mysteries of the cosmos. Geddes' work, however, reminds me that the same principles of interconnectedness and holistic thinking can be applied to our everyday lives, our communities, and our relationship with the environment.

Geddes' concept of ""place"" as a starting point for understanding our connection to the world around us resonates with my own experiences as an astronomer. When I gaze up at the stars, I'm reminded of the intricate web of relationships between celestial bodies, the delicate balance of our planet's ecosystem, and the importance of preserving the beauty and wonder of the natural world.

In many ways, Geddes' work serves as a reminder that the same principles that govern the universe – balance, harmony, and interconnectedness – can be applied to our own lives and communities. As we strive to create a more sustainable and equitable world, we would do well to remember Geddes' wisdom and strive for a deeper understanding of the complex relationships between our individual and collective experiences."
Rob,2024-10-07,16:14:47,person3,Do you have an opinion on pageants?,"As a chef, I must say that I appreciate the cultural significance of pageants and festivals, especially when it comes to food. The way that different communities come together to celebrate their heritage and traditions through music, dance, and cuisine is truly remarkable.

In Italy, where I specialize in cooking, we have many festivals and pageants throughout the year that showcase our rich cultural heritage. From the Carnevale di Venezia to the Festa dei Noantri in Rome, each event is a celebration of our history, art, and traditions.

As for the concept of Folk, Work, and Place, I think it's a great way to understand the evolution and significance of these events. The way that local industries and skills are reflected in the celebrations, and how the physical environment shapes the nature of the event, is truly fascinating.

In terms of reimagining civic engagement, I think that blending tradition with contemporary issues is a great way to make these events more relevant and engaging for modern audiences. Incorporating environmental focus and participatory design are also excellent ways to create a sense of community and ownership.

As for my opinion on pageants, I think they are a wonderful way to bring people together and celebrate our shared humanity. Whether it's through food, music, or dance, these events have the power to unite us and create lasting memories.

Now, if you'll excuse me, I have to get back to the kitchen. I'm preparing a traditional Italian feast for a festival celebration, and I need to make sure that everything is perfect. Buon appetito"
Rob,2024-10-07,16:27:19,Patrick Geddes,Tell me about ethnography and pageants,"Ethnography is a research methodology that involves the systematic study of people and cultures. It is a qualitative approach that seeks to understand the social and cultural practices, beliefs, and values of a particular group or community. Ethnographers use a range of methods, including participant observation, interviews, and document analysis, to gather data and gain a deep understanding of the culture being studied.

In the context of pageants, ethnography can be used to study the cultural significance and meaning of these events. An ethnographic study of pageants might involve observing and participating in the events, interviewing participants and organizers, and analyzing the cultural and historical context in which the pageants take place.

Some possible research questions that an ethnographer might explore in the context of pageants include:

* What are the cultural and historical roots of the pageant, and how has it evolved over time?
* What are the social and cultural functions of the pageant, and how does it bring people together?
* How do participants and organizers understand the meaning and significance of the pageant, and what are their motivations for participating?
* How does the pageant reflect and shape the cultural identity of the community, and what are the implications of this for social cohesion and community building?

By using ethnographic methods, researchers can gain a rich and nuanced understanding of the cultural significance of pageants and their role in shaping community identity and social cohesion.

In terms of Patrick Geddes' triad of Folk, Work, and Place, an ethnographic study of pageants might explore how these events reflect and shape the cultural identity of the community (Folk), how they relate to local industries and skills (Work), and how they are rooted in and shaped by their physical environment (Place).

For example, an ethnographic study of a pageant might explore how the event reflects the cultural heritage of the community, including its history, traditions, and values. It might also examine how the pageant is organized and produced, including the roles of different stakeholders and the ways in which the event is funded and resourced. Additionally, the study might investigate how the pageant is experienced by participants and spectators, including the ways in which it shapes their sense of community and cultural identity.

Overall, ethnography offers a powerful approach to understanding the cultural significance and meaning of pageants, and can provide valuable insights into the ways in which these events shape community identity and social cohesion."
Rob,2024-10-07,16:28:25,Fritz Zwicky,Tell me about ethnography and pageants,"As an astrophysicist, I must admit that my expertise lies in the realm of celestial mechanics and the behavior of galaxies. However, I can attempt to provide some insights on the topic of ethnography and pageants, drawing from my experience as a pioneer in interdisciplinary research.

Ethnography, as a research methodology, involves immersing oneself in a particular culture or community to gain a deeper understanding of its practices, values, and beliefs. In the context of pageants, ethnography can be used to study the cultural significance of these events, the ways in which they reflect and shape community identity, and the role they play in preserving cultural heritage.

Pageants, as a form of cultural expression, can be seen as a way to showcase a community's history, traditions, and values. They often involve elaborate performances, costumes, and rituals, which can be rich in symbolic meaning. By studying these events through an ethnographic lens, researchers can gain insights into the cultural dynamics at play and the ways in which pageants contribute to community cohesion and identity formation.

One possible area of investigation could be the ways in which pageants reflect and shape cultural identity in the face of globalization and urbanization. How do these events adapt to changing cultural landscapes, and what role do they play in preserving traditional practices and values?

Another potential area of study could be the intersection of pageants and environmentalism. How do these events incorporate environmental themes and messages, and what impact do they have on community attitudes towards sustainability and conservation?

In terms of methodology, ethnographic research on pageants might involve participant observation, interviews with community members and event organizers, and analysis of archival materials and cultural artifacts.

As I reflect on my own work in astrophysics, I am reminded of the importance of interdisciplinary approaches to understanding complex phenomena. The study of pageants and ethnography offers a rich opportunity for interdisciplinary research, drawing on insights from anthropology, sociology, cultural studies, and environmental science.

Further research questions:

* How do pageants reflect and shape cultural identity in diverse communities?
* What role do pageants play in preserving cultural heritage and traditional practices?
* How do pageants incorporate environmental themes and messages, and what impact do they have on community attitudes towards sustainability and conservation?
* What are the implications of globalization and urbanization on the cultural significance and practice of pageants?"
Rob,2024-10-07,16:34:17,Ursula Le Guin,"I'm interested in Utopia and the notion of yin/yang balance, how might that relate to an ethnographic observation of a place?","As I reflect on Patrick Geddes' work, I'm struck by the parallels between his ideas and the concept of yin/yang balance. Geddes' emphasis on the interconnectedness of folk, work, and place resonates with the harmonious interplay of opposites in yin/yang philosophy. In ethnographic observations of a place, one might explore how the community balances seemingly opposing forces, such as tradition and innovation, or individuality and collectivity.

Consider how the rhythms of daily life, the layout of the physical environment, and the cultural practices of the community might reflect a dynamic balance of yin and yang energies. For instance, how do the community's celebrations and rituals (yang) complement their daily routines and quiet moments (yin)? How do the physical spaces, such as public squares or parks, facilitate a balance between activity and rest, or social interaction and solitude?

By examining these aspects, you may gain insight into the community's unique cultural ecology and how they maintain harmony within their environment. This, in turn, could inform your own creative vision for a utopian community, one that balances the needs of individuals and the collective, while fostering a deep connection with the natural world.

Further reading: ""The Tao of Physics"" by Fritjof Capra, which explores the parallels between modern physics and ancient Eastern mysticism, including the concept of yin/yang balance."
Rob,2024-10-07,17:07:39,Colin Ward,Assembly and civic pageants - what could go wrong?,"The concept of civic pageants and festivals as a means of fostering community cohesion and cultural expression resonates deeply with my anarchist ideals. The emphasis on Folk, Work, and Place as interconnected elements that shape these events aligns with my own thoughts on the importance of community, mutual aid, and the interplay between people and their environment.

As I reflect on the significance of these events, I am reminded of the potential for them to be co-opted or manipulated by external forces. What could go wrong, indeed? The risk of cultural appropriation, the exploitation of local traditions for commercial gain, or the imposition of external agendas that undermine the very essence of community-driven celebrations – these are all concerns that must be acknowledged and addressed.

To mitigate these risks, it is essential to prioritize community-led decision-making, ensuring that the voices and perspectives of local residents are at the forefront of the planning and execution of these events. This approach not only helps to maintain the authenticity of the celebrations but also fosters a sense of ownership and collective responsibility among community members.

Furthermore, it is crucial to recognize the potential for these events to be used as a means of social control or manipulation. As an anarchist, I am wary of any attempts to harness the energy and creativity of community celebrations for the purposes of reinforcing dominant power structures or suppressing dissenting voices.

Ultimately, the success of civic pageants and festivals in promoting community cohesion and cultural expression depends on their ability to remain true to their grassroots origins and to prioritize the needs and aspirations of the community they serve.

Practical implementation: Establish community-led planning committees to oversee the organization and execution of civic pageants and festivals, ensuring that local voices and perspectives are prioritized throughout the process."
