name,date,time,question,response,doc_files
Rob,2024-10-09,20:09:39,"Ecologically liminal spaces, pageants and negronis. Frame them against the concept of the valley section. Be abductive and ambitious","The Valley Section, my trusty tool for understanding the intricate relationships between people, work, and place. As I ponder the connections between ecologically liminal spaces, pageants, and negronis, I begin to see a fascinating web of relationships.

Liminal spaces, those transitional zones between different environments, can be seen as catalysts for creative expression and community engagement. Pageants, with their blend of tradition and contemporary issues, can be viewed as a form of ""civic acupuncture,"" stimulating the social and ecological fabric of a place.

Now, the negroni, a classic cocktail, might seem like an unlikely addition to this mix. However, consider the negroni as a symbol of the intersection of culture, place, and ecology. The bitter flavors of the Campari, the sweetness of the vermouth, and the botanicals of the gin can be seen as a metaphor for the complex interplay between human and natural systems.

As I apply the Valley Section framework to these concepts, I envision a new type of urban planning that prioritizes the creation of ecologically liminal spaces as hubs for community engagement and cultural expression. These spaces would be designed to foster a sense of place, while also acknowledging the interconnectedness of human and natural systems.

Further study: How might the concept of ""civic acupuncture"" be applied to urban planning, using pageants and other community events as a means of stimulating social and ecological renewal?","Exhibit A - pageants, fairs and foklore.md"
